代码,名称,原因,耗时秒,时间
001208,华菱线缆,无记录,5.606,2025-10-04 02:09:39
001203,大中矿业,无记录,6.968,2025-10-04 02:09:39
001202,炬申股份,无记录,7.737,2025-10-04 02:09:39
001212,中旗新材,无记录,5.634,2025-10-04 02:09:40
001201,东瑞股份,无记录,8.638,2025-10-04 02:09:40
001206,依依股份,无记录,7.707,2025-10-04 02:09:40
001209,洪兴股份,无记录,6.679,2025-10-04 02:09:40
001216,华瓷股份,无记录,4.943,2025-10-04 02:09:40
001207,联科科技,无记录,7.815,2025-10-04 02:09:40
001205,盛航股份,无记录,8.418,2025-10-04 02:09:41
001213,中铁特货,无记录,6.162,2025-10-04 02:09:41
001211,双枪科技,无记录,7.294,2025-10-04 02:09:41
001210,金房能源,无记录,7.403,2025-10-04 02:09:41
001218,丽臣实业,无记录,4.402,2025-10-04 02:09:41
001217,华尔泰,无记录,4.842,2025-10-04 02:09:42
001215,千味央厨,无记录,6.828,2025-10-04 02:09:42
001222,源飞宠物,无记录,3.745,2025-10-04 02:09:43
001221,悍高集团,无记录,4.19,2025-10-04 02:09:43
001219,青岛食品,无记录,4.284,2025-10-04 02:09:43
001223,欧克科技,无记录,4.122,2025-10-04 02:09:43
001225,和泰机电,无记录,4.119,2025-10-04 02:09:43
001226,拓山重工,无记录,4.159,2025-10-04 02:09:43
001228,永泰运,无记录,3.608,2025-10-04 02:09:43
001227,兰州银行,无记录,3.612,2025-10-04 02:09:43
001231,农心科技,无记录,3.551,2025-10-04 02:09:43
001229,魅视科技,无记录,3.671,2025-10-04 02:09:43
001236,弘业期货,无记录,3.622,2025-10-04 02:09:43
001238,浙江正特,无记录,3.592,2025-10-04 02:09:43
001234,泰慕士,无记录,3.674,2025-10-04 02:09:43
001239,永达股份,无记录,3.59,2025-10-04 02:09:43
001230,劲旅环境,无记录,4.078,2025-10-04 02:09:44
001256,炜冈科技,无记录,3.623,2025-10-04 02:09:44
001255,博菲电气,无记录,3.881,2025-10-04 02:09:44
001259,利仁科技,无记录,3.563,2025-10-04 02:09:44
001266,宏英智能,无记录,3.519,2025-10-04 02:09:44
001260,坤泰股份,无记录,3.549,2025-10-04 02:09:44
001267,汇绿生态,无记录,3.531,2025-10-04 02:09:44
001258,立新能源,无记录,3.965,2025-10-04 02:09:44
001268,联合精密,无记录,3.601,2025-10-04 02:09:44
001269,欧晶科技,无记录,3.469,2025-10-04 02:09:44
001282,三联锻造,无记录,3.36,2025-10-04 02:09:44
001277,速达股份,无记录,3.371,2025-10-04 02:09:44
001278,一彬科技,无记录,3.386,2025-10-04 02:09:44
001270,*ST铖昌,无记录,3.52,2025-10-04 02:09:44
001279,强邦新材,无记录,3.544,2025-10-04 02:09:45
001285,N瑞立科密,无记录,3.468,2025-10-04 02:09:45
001283,豪鹏科技,无记录,3.603,2025-10-04 02:09:45
001288,运机集团,无记录,3.452,2025-10-04 02:09:45
001286,陕西能源,无记录,3.484,2025-10-04 02:09:45
001289,龙源电力,无记录,3.356,2025-10-04 02:09:45
001296,长江材料,无记录,3.356,2025-10-04 02:09:45
001298,好上好,无记录,3.312,2025-10-04 02:09:45
001287,中电港,无记录,3.651,2025-10-04 02:09:45
001299,美能能源,无记录,3.374,2025-10-04 02:09:45
001300,三柏硕,无记录,3.395,2025-10-04 02:09:45
001306,夏厦精密,无记录,3.307,2025-10-04 02:09:46
001301,尚太科技,无记录,3.308,2025-10-04 02:09:46
001308,康冠科技,无记录,3.375,2025-10-04 02:09:46
001313,粤海饲料,无记录,3.317,2025-10-04 02:09:46
001314,亿道信息,无记录,3.355,2025-10-04 02:09:46
001309,德明利,无记录,3.639,2025-10-04 02:09:46
001311,多利科技,无记录,3.633,2025-10-04 02:09:46
001322,箭牌家居,无记录,3.297,2025-10-04 02:09:46
001316,润贝航科,无记录,3.406,2025-10-04 02:09:46
001317,三羊马,无记录,3.404,2025-10-04 02:09:46
001318,阳光乳业,无记录,3.359,2025-10-04 02:09:46
001323,慕思股份,无记录,3.311,2025-10-04 02:09:46
001326,联域股份,无记录,3.371,2025-10-04 02:09:47
001328,登康口腔,无记录,3.406,2025-10-04 02:09:47
001333,光华股份,无记录,3.894,2025-10-04 02:09:47
001331,胜通能源,无记录,3.991,2025-10-04 02:09:47
001332,锡装股份,无记录,4.007,2025-10-04 02:09:47
001319,铭科精技,无记录,4.497,2025-10-04 02:09:47
001330,博纳影业,无记录,4.216,2025-10-04 02:09:47
001324,长青科技,无记录,4.326,2025-10-04 02:09:47
001335,信凯科技,无记录,4.434,2025-10-04 02:09:48
001367,海森药业,无记录,4.282,2025-10-04 02:09:48
001368,通达创智,无记录,4.436,2025-10-04 02:09:48
001356,富岭股份,无记录,4.819,2025-10-04 02:09:48
001378,德冠新材,无记录,4.54,2025-10-04 02:09:48
001337,四川黄金,无记录,5.198,2025-10-04 02:09:49
001382,新亚电缆,无记录,5.007,2025-10-04 02:09:49
001389,广合科技,无记录,5.12,2025-10-04 02:09:49
001391,国货航,无记录,5.149,2025-10-04 02:09:49
001359,平安电工,无记录,6.035,2025-10-04 02:09:50
001376,百通能源,无记录,5.95,2025-10-04 02:09:50
001336,楚环科技,无记录,6.821,2025-10-04 02:09:50
001696,宗申动力,无记录,6.045,2025-10-04 02:09:50
001338,永顺泰,无记录,7.05,2025-10-04 02:09:51
001914,招商积余,无记录,5.832,2025-10-04 02:09:51
001373,翔腾新材,无记录,6.678,2025-10-04 02:09:51
001358,兴欣新材,无记录,7.05,2025-10-04 02:09:51
001366,播恩集团,无记录,6.985,2025-10-04 02:09:51
001360,南矿集团,无记录,7.223,2025-10-04 02:09:51
001379,腾达科技,无记录,7.568,2025-10-04 02:09:52
001896,豫能控股,无记录,7.207,2025-10-04 02:09:52
001339,智微智能,无记录,8.4,2025-10-04 02:09:52
001380,华纬科技,无记录,7.977,2025-10-04 02:09:52
001390,古麒绒材,无记录,8.162,2025-10-04 02:09:52
001388,信通电子,无记录,8.704,2025-10-04 02:09:53
001965,招商公路,无记录,8.759,2025-10-04 02:09:54
001979,招商蛇口,无记录,8.83,2025-10-04 02:09:54
001400,江顺科技,无记录,13.986,2025-10-04 02:09:58
001872,招商港口,无记录,14.277,2025-10-04 02:09:59
001387,雪祺电气,无记录,14.876,2025-10-04 02:09:59
001395,亚联机械,无记录,17.71,2025-10-04 02:10:02
301005,超捷股份,无记录,70.883,2025-10-04 02:16:50
301004,嘉益股份,无记录,71.209,2025-10-04 02:16:50
301055,张小泉,无记录,69.071,2025-10-04 02:16:52
301053,远信工业,无记录,69.164,2025-10-04 02:16:52
301023,江南奕帆,无记录,71.469,2025-10-04 02:16:52
301051,信濠光电,无记录,69.598,2025-10-04 02:16:53
301022,海泰科,无记录,71.708,2025-10-04 02:16:53
301057,汇隆新材,无记录,69.252,2025-10-04 02:16:53
301052,果麦文化,无记录,69.591,2025-10-04 02:16:53
301061,匠心家居,无记录,68.98,2025-10-04 02:16:53
301060,兰卫医学,无记录,69.102,2025-10-04 02:16:53
301028,东亚机械,无记录,71.408,2025-10-04 02:16:53
301017,漱玉平民,无记录,72.252,2025-10-04 02:16:53
301009,可靠股份,无记录,73.021,2025-10-04 02:16:53
301006,迈拓股份,无记录,73.277,2025-10-04 02:16:53
301019,宁波色母,无记录,72.339,2025-10-04 02:16:53
301036,双乐股份,无记录,71.213,2025-10-04 02:16:53
301058,中粮科工,无记录,70.028,2025-10-04 02:16:53
301003,江苏博云,无记录,74.81,2025-10-04 02:16:54
301001,凯淳股份,无记录,75.054,2025-10-04 02:16:54
301002,崧盛股份,无记录,74.986,2025-10-04 02:16:54
301000,肇民科技,无记录,75.156,2025-10-04 02:16:54
301069,凯盛新材,无记录,3.74,2025-10-04 02:16:54
301070,开勒股份,无记录,3.753,2025-10-04 02:16:54
301047,义翘神州,无记录,71.781,2025-10-04 02:16:54
301042,安联锐视,无记录,72.241,2025-10-04 02:16:55
301043,绿岛风,无记录,72.191,2025-10-04 02:16:55
301045,天禄科技,无记录,72.125,2025-10-04 02:16:55
301046,能辉科技,无记录,72.097,2025-10-04 02:16:55
301024,霍普股份,无记录,74.132,2025-10-04 02:16:55
301016,雷尔伟,无记录,74.954,2025-10-04 02:16:55
301015,百洋医药,无记录,75.066,2025-10-04 02:16:55
301018,申菱环境,无记录,74.838,2025-10-04 02:16:55
301065,本立科技,无记录,71.525,2025-10-04 02:16:55
301066,万事利,无记录,71.515,2025-10-04 02:16:56
301025,读客文化,无记录,74.446,2025-10-04 02:16:56
301007,德迈仕,无记录,75.993,2025-10-04 02:16:56
301033,迈普医学,无记录,73.899,2025-10-04 02:16:56
301071,力量钻石,无记录,3.386,2025-10-04 02:16:56
301072,中捷精工,无记录,3.371,2025-10-04 02:16:56
301013,利和兴,无记录,75.503,2025-10-04 02:16:56
301073,君亭酒店,无记录,3.385,2025-10-04 02:16:56
301030,仕净科技,无记录,74.434,2025-10-04 02:16:56
301075,多瑞医药,无记录,3.384,2025-10-04 02:16:56
301077,星华新材,无记录,3.399,2025-10-04 02:16:56
301076,新瀚新材,无记录,3.417,2025-10-04 02:16:56
301078,孩子王,无记录,3.384,2025-10-04 02:16:56
301029,怡合达,无记录,74.649,2025-10-04 02:16:56
301063,海锅股份,无记录,72.189,2025-10-04 02:16:56
301080,百普赛斯,无记录,3.35,2025-10-04 02:16:56
301011,华立科技,无记录,76.165,2025-10-04 02:16:56
301079,邵阳液压,无记录,3.399,2025-10-04 02:16:56
301081,严牌股份,无记录,3.381,2025-10-04 02:16:56
301082,久盛电气,无记录,3.396,2025-10-04 02:16:56
301040,中环海陆,无记录,74.039,2025-10-04 02:16:56
301031,中熔电气,无记录,74.581,2025-10-04 02:16:56
301085,亚康股份,无记录,3.367,2025-10-04 02:16:56
301008,宏昌科技,无记录,76.656,2025-10-04 02:16:56
301020,密封科技,无记录,75.646,2025-10-04 02:16:56
301083,百胜智能,无记录,3.69,2025-10-04 02:16:56
301087,可孚医疗,无记录,3.384,2025-10-04 02:16:56
301050,雷电微力,无记录,73.625,2025-10-04 02:16:56
301041,金百泽,无记录,74.344,2025-10-04 02:16:57
301086,鸿富瀚,无记录,3.614,2025-10-04 02:16:57
301068,大地海洋,无记录,72.548,2025-10-04 02:16:57
301021,英诺激光,无记录,75.925,2025-10-04 02:16:57
301039,中集车辆,无记录,74.629,2025-10-04 02:16:57
301059,金三江,无记录,73.189,2025-10-04 02:16:57
301032,新柴股份,无记录,75.144,2025-10-04 02:16:57
301048,金鹰重工,无记录,74.077,2025-10-04 02:16:57
301067,显盈科技,无记录,72.797,2025-10-04 02:16:57
301012,扬电科技,无记录,76.924,2025-10-04 02:16:57
301027,华蓝集团,无记录,75.7,2025-10-04 02:16:57
301037,保立佳,无记录,75.042,2025-10-04 02:16:57
301088,戎美股份,无记录,3.588,2025-10-04 02:16:57
301035,润丰股份,无记录,75.233,2025-10-04 02:16:57
301062,上海艾录,无记录,73.468,2025-10-04 02:16:57
301089,拓新药业,无记录,3.363,2025-10-04 02:16:57
301091,深城交,无记录,3.378,2025-10-04 02:16:57
301090,华润材料,无记录,3.393,2025-10-04 02:16:57
301093,华兰股份,无记录,3.377,2025-10-04 02:16:57
301095,广立微,无记录,3.39,2025-10-04 02:16:58
301092,争光股份,无记录,3.622,2025-10-04 02:16:58
301097,天益医疗,无记录,3.392,2025-10-04 02:16:58
301026,浩通科技,无记录,76.804,2025-10-04 02:16:58
301098,金埔园林,无记录,3.408,2025-10-04 02:16:58
301100,风光股份,无记录,3.361,2025-10-04 02:16:58
301096,百诚医药,无记录,3.626,2025-10-04 02:16:58
301049,超越科技,无记录,75.41,2025-10-04 02:16:58
301099,雅创电子,无记录,3.862,2025-10-04 02:16:58
301101,明月镜片,无记录,3.382,2025-10-04 02:16:59
301102,兆讯传媒,无记录,3.394,2025-10-04 02:16:59
301105,鸿铭股份,无记录,3.377,2025-10-04 02:16:59
301103,何氏眼科,无记录,3.406,2025-10-04 02:16:59
301106,骏成科技,无记录,3.376,2025-10-04 02:16:59
301107,瑜欣电子,无记录,3.391,2025-10-04 02:16:59
301109,军信股份,无记录,3.392,2025-10-04 02:16:59
301110,青木科技,无记录,3.359,2025-10-04 02:16:59
301112,信邦智能,无记录,3.376,2025-10-04 02:16:59
301111,粤万年青,无记录,3.392,2025-10-04 02:16:59
301113,雅艺科技,无记录,3.376,2025-10-04 02:16:59
301108,洁雅股份,无记录,3.611,2025-10-04 02:16:59
301056,森赫股份,无记录,75.983,2025-10-04 02:16:59
301115,联检科技,无记录,3.458,2025-10-04 02:16:59
301116,益客食品,无记录,3.379,2025-10-04 02:16:59
301117,佳缘科技,无记录,3.394,2025-10-04 02:16:59
301118,恒光股份,无记录,3.395,2025-10-04 02:16:59
301119,正强股份,无记录,3.392,2025-10-04 02:16:59
301120,新特电气,无记录,3.393,2025-10-04 02:16:59
301122,采纳股份,无记录,3.395,2025-10-04 02:16:59
301123,奕东电子,无记录,3.365,2025-10-04 02:16:59
301126,达嘉维康,无记录,3.396,2025-10-04 02:16:59
301127,武汉天源,无记录,3.366,2025-10-04 02:16:59
301129,瑞纳智能,无记录,3.382,2025-10-04 02:17:00
301130,西点药业,无记录,3.382,2025-10-04 02:17:00
301128,强瑞技术,无记录,3.398,2025-10-04 02:17:00
301131,聚赛龙,无记录,3.383,2025-10-04 02:17:00
301121,紫建电子,无记录,3.613,2025-10-04 02:17:00
301125,腾亚精工,无记录,3.615,2025-10-04 02:17:00
301132,满坤科技,无记录,3.399,2025-10-04 02:17:00
301133,金钟股份,无记录,3.368,2025-10-04 02:17:00
301136,招标股份,无记录,3.354,2025-10-04 02:17:00
301137,哈焊华通,无记录,3.369,2025-10-04 02:17:00
301135,瑞德智能,无记录,3.4,2025-10-04 02:17:00
301139,元道通信,无记录,3.368,2025-10-04 02:17:00
301141,中科磁业,无记录,3.384,2025-10-04 02:17:00
301148,嘉戎技术,无记录,3.367,2025-10-04 02:17:00
301149,隆华新材,无记录,3.38,2025-10-04 02:17:00
301151,冠龙节能,无记录,3.38,2025-10-04 02:17:00
301152,天力锂能,无记录,3.379,2025-10-04 02:17:00
301138,华研精机,无记录,3.616,2025-10-04 02:17:00
301153,中科江南,无记录,3.35,2025-10-04 02:17:00
301155,海力风电,无记录,3.414,2025-10-04 02:17:00
301150,中一科技,无记录,3.614,2025-10-04 02:17:00
301157,华塑科技,无记录,3.398,2025-10-04 02:17:00
301159,三维天地,无记录,3.398,2025-10-04 02:17:00
301156,美农生物,无记录,3.477,2025-10-04 02:17:00
301158,德石股份,无记录,3.603,2025-10-04 02:17:01
301161,唯万密封,无记录,3.385,2025-10-04 02:17:01
301163,宏德股份,无记录,3.354,2025-10-04 02:17:01
301162,国能日新,无记录,3.371,2025-10-04 02:17:01
301165,锐捷网络,无记录,3.373,2025-10-04 02:17:01
301160,翔楼新材,无记录,3.62,2025-10-04 02:17:01
301166,优宁维,无记录,3.375,2025-10-04 02:17:01
301167,建研设计,无记录,3.391,2025-10-04 02:17:01
301168,通灵股份,无记录,3.374,2025-10-04 02:17:01
301169,零点有数,无记录,3.389,2025-10-04 02:17:01
301171,易点天下,无记录,3.373,2025-10-04 02:17:01
301170,锡南科技,无记录,3.39,2025-10-04 02:17:01
301010,晶雪节能,无记录,81.588,2025-10-04 02:17:01
301172,君逸数码,无记录,3.388,2025-10-04 02:17:01
301173,毓恬冠佳,无记录,3.387,2025-10-04 02:17:02
301175,中科环保,无记录,3.381,2025-10-04 02:17:02
301176,逸豪新材,无记录,3.366,2025-10-04 02:17:02
301177,迪阿股份,无记录,3.37,2025-10-04 02:17:02
301179,泽宇智能,无记录,3.386,2025-10-04 02:17:02
301178,天亿马,无记录,3.402,2025-10-04 02:17:02
301180,万祥科技,无记录,3.405,2025-10-04 02:17:02
301181,标榜股份,无记录,3.358,2025-10-04 02:17:02
301182,凯旺科技,无记录,3.377,2025-10-04 02:17:02
301183,东田微,无记录,3.392,2025-10-04 02:17:02
301185,鸥玛软件,无记录,3.39,2025-10-04 02:17:02
301186,超达装备,无记录,3.374,2025-10-04 02:17:02
301187,欧圣电气,无记录,3.359,2025-10-04 02:17:02
301038,深水规院,无记录,80.456,2025-10-04 02:17:02
301188,力诺药包,无记录,3.36,2025-10-04 02:17:02
301190,善水科技,无记录,3.371,2025-10-04 02:17:03
301191,菲菱科思,无记录,3.357,2025-10-04 02:17:03
301192,泰祥股份,无记录,3.357,2025-10-04 02:17:03
301189,奥尼电子,无记录,3.465,2025-10-04 02:17:03
301195,北路智控,无记录,3.372,2025-10-04 02:17:03
301196,唯科科技,无记录,3.357,2025-10-04 02:17:03
301197,工大科雅,无记录,3.358,2025-10-04 02:17:03
301199,迈赫股份,无记录,3.359,2025-10-04 02:17:03
301200,大族数控,无记录,3.375,2025-10-04 02:17:03
301202,朗威股份,无记录,3.359,2025-10-04 02:17:03
301203,国泰环保,无记录,3.375,2025-10-04 02:17:03
301201,诚达药业,无记录,3.376,2025-10-04 02:17:03
301205,联特科技,无记录,3.359,2025-10-04 02:17:03
301206,三元生物,无记录,3.375,2025-10-04 02:17:03
301193,家联科技,无记录,3.67,2025-10-04 02:17:03
301198,喜悦智行,无记录,3.623,2025-10-04 02:17:03
301207,华兰疫苗,无记录,3.374,2025-10-04 02:17:03
301209,联合化学,无记录,3.387,2025-10-04 02:17:03
301210,金杨股份,无记录,3.387,2025-10-04 02:17:03
301212,联盛化学,无记录,3.372,2025-10-04 02:17:03
301211,亨迪药业,无记录,3.373,2025-10-04 02:17:03
301208,中亦科技,无记录,3.592,2025-10-04 02:17:03
301213,观想科技,无记录,3.361,2025-10-04 02:17:03
301215,中汽股份,无记录,3.361,2025-10-04 02:17:03
301219,腾远钴业,无记录,3.363,2025-10-04 02:17:04
301218,华是科技,无记录,3.379,2025-10-04 02:17:04
301220,亚香股份,无记录,3.362,2025-10-04 02:17:04
301216,万凯新材,无记录,3.611,2025-10-04 02:17:04
301217,铜冠铜箔,无记录,3.612,2025-10-04 02:17:04
301223,中荣股份,无记录,3.379,2025-10-04 02:17:04
301225,恒勃股份,无记录,3.364,2025-10-04 02:17:04
301226,祥明智能,无记录,3.363,2025-10-04 02:17:04
301227,森鹰窗业,无记录,3.379,2025-10-04 02:17:04
301221,光庭信息,无记录,3.611,2025-10-04 02:17:04
301222,浙江恒威,无记录,3.611,2025-10-04 02:17:04
301228,实朴检测,无记录,3.361,2025-10-04 02:17:04
301229,纽泰格,无记录,3.359,2025-10-04 02:17:04
301230,泓博医药,无记录,3.36,2025-10-04 02:17:04
301231,荣信文化,无记录,3.36,2025-10-04 02:17:04
301234,五洲医疗,无记录,3.342,2025-10-04 02:17:04
301235,华康洁净,无记录,3.374,2025-10-04 02:17:04
301232,飞沃科技,无记录,3.622,2025-10-04 02:17:04
301233,盛帮股份,无记录,3.623,2025-10-04 02:17:04
301236,软通动力,无记录,3.377,2025-10-04 02:17:05
301238,瑞泰新材,无记录,3.362,2025-10-04 02:17:05
301237,和顺科技,无记录,3.408,2025-10-04 02:17:05
301246,宏源药业,无记录,3.361,2025-10-04 02:17:05
301248,杰创智能,无记录,3.345,2025-10-04 02:17:05
301239,普瑞眼科,无记录,3.578,2025-10-04 02:17:05
301251,威尔高,无记录,3.377,2025-10-04 02:17:05
301252,同星科技,无记录,3.351,2025-10-04 02:17:05
301255,通力科技,无记录,3.369,2025-10-04 02:17:05
301256,华融化学,无记录,3.383,2025-10-04 02:17:05
301257,普蕊斯,无记录,3.367,2025-10-04 02:17:06
301258,富士莱,无记录,3.367,2025-10-04 02:17:06
301259,艾布鲁,无记录,3.366,2025-10-04 02:17:06
301260,格力博,无记录,3.381,2025-10-04 02:17:06
301261,恒工精密,无记录,3.349,2025-10-04 02:17:06
301262,海看股份,无记录,3.366,2025-10-04 02:17:06
301265,华新环保,无记录,3.366,2025-10-04 02:17:06
301263,泰恩康,无记录,3.397,2025-10-04 02:17:06
301267,华厦眼科,无记录,3.365,2025-10-04 02:17:06
301268,铭利达,无记录,3.366,2025-10-04 02:17:06
301269,华大九天,无记录,3.366,2025-10-04 02:17:06
301270,汉仪股份,无记录,3.365,2025-10-04 02:17:06
301266,宇邦新材,无记录,3.615,2025-10-04 02:17:06
301272,英华特,无记录,3.366,2025-10-04 02:17:06
301273,瑞晨环保,无记录,3.366,2025-10-04 02:17:06
301275,汉朔科技,无记录,3.352,2025-10-04 02:17:06
301277,新天地,无记录,3.366,2025-10-04 02:17:06
301278,快可电子,无记录,3.366,2025-10-04 02:17:06
301279,金道科技,无记录,3.364,2025-10-04 02:17:06
301280,珠城科技,无记录,3.365,2025-10-04 02:17:06
301281,科源制药,无记录,3.364,2025-10-04 02:17:06
301282,金禄电子,无记录,3.395,2025-10-04 02:17:06
301283,聚胶股份,无记录,3.364,2025-10-04 02:17:06
301276,嘉曼服饰,无记录,3.618,2025-10-04 02:17:06
301286,侨源股份,无记录,3.366,2025-10-04 02:17:06
301288,*ST清研,无记录,3.366,2025-10-04 02:17:06
301287,康力源,无记录,3.366,2025-10-04 02:17:06
301289,国缆检测,无记录,3.399,2025-10-04 02:17:07
301290,东星医疗,无记录,3.384,2025-10-04 02:17:07
301291,明阳电气,无记录,3.384,2025-10-04 02:17:07
301292,海科新源,无记录,3.384,2025-10-04 02:17:07
301285,鸿日达,无记录,3.6,2025-10-04 02:17:07
301295,美硕科技,无记录,3.366,2025-10-04 02:17:07
301293,三博脑科,无记录,3.398,2025-10-04 02:17:07
301296,新巨丰,无记录,3.427,2025-10-04 02:17:07
301298,东利机械,无记录,3.362,2025-10-04 02:17:07
301297,富乐德,无记录,3.378,2025-10-04 02:17:07
301299,卓创资讯,无记录,3.364,2025-10-04 02:17:07
301301,川宁生物,无记录,3.361,2025-10-04 02:17:07
301302,华如科技,无记录,3.361,2025-10-04 02:17:07
301305,朗坤科技,无记录,3.361,2025-10-04 02:17:07
301306,西测测试,无记录,3.376,2025-10-04 02:17:07
301307,美利信,无记录,3.375,2025-10-04 02:17:07
301300,远翔新材,无记录,3.622,2025-10-04 02:17:07
301309,万得凯,无记录,3.357,2025-10-04 02:17:07
301303,真兰仪表,无记录,3.606,2025-10-04 02:17:07
301310,鑫宏业,无记录,3.357,2025-10-04 02:17:07
301312,智立方,无记录,3.354,2025-10-04 02:17:07
301308,江波龙,无记录,3.604,2025-10-04 02:17:08
301313,凡拓数创,无记录,3.374,2025-10-04 02:17:08
301311,昆船智能,无记录,3.605,2025-10-04 02:17:08
301315,威士顿,无记录,3.358,2025-10-04 02:17:08
301316,慧博云通,无记录,3.372,2025-10-04 02:17:08
301314,科瑞思,无记录,3.588,2025-10-04 02:17:08
301317,鑫磊股份,无记录,3.368,2025-10-04 02:17:08
301318,维海德,无记录,3.369,2025-10-04 02:17:08
301319,唯特偶,无记录,3.369,2025-10-04 02:17:08
301321,翰博高新,无记录,3.4,2025-10-04 02:17:08
301322,绿通科技,无记录,3.371,2025-10-04 02:17:08
301323,新莱福,无记录,3.371,2025-10-04 02:17:08
301320,豪江智能,无记录,3.588,2025-10-04 02:17:08
301325,曼恩斯特,无记录,3.37,2025-10-04 02:17:09
301326,捷邦科技,无记录,3.383,2025-10-04 02:17:09
301327,华宝新能,无记录,3.367,2025-10-04 02:17:09
301329,信音电子,无记录,3.384,2025-10-04 02:17:09
301328,维峰电子,无记录,3.4,2025-10-04 02:17:09
301330,熵基科技,无记录,3.369,2025-10-04 02:17:09
301331,恩威医药,无记录,3.368,2025-10-04 02:17:09
301333,诺思格,无记录,3.366,2025-10-04 02:17:09
301335,天元宠物,无记录,3.366,2025-10-04 02:17:09
301336,趣睡科技,无记录,3.38,2025-10-04 02:17:09
301337,亚华电子,无记录,3.363,2025-10-04 02:17:09
301338,凯格精机,无记录,3.378,2025-10-04 02:17:09
301332,德尔玛,无记录,3.612,2025-10-04 02:17:09
301348,蓝箭电子,无记录,3.362,2025-10-04 02:17:09
301339,通行宝,无记录,3.377,2025-10-04 02:17:09
301345,涛涛车业,无记录,3.394,2025-10-04 02:17:09
301349,信德新材,无记录,3.379,2025-10-04 02:17:09
301355,南王科技,无记录,3.361,2025-10-04 02:17:09
301358,湖南裕能,无记录,3.344,2025-10-04 02:17:10
301357,北方长龙,无记录,3.405,2025-10-04 02:17:10
301359,东南电子,无记录,3.373,2025-10-04 02:17:10
301360,荣旗科技,无记录,3.373,2025-10-04 02:17:10
301361,众智科技,无记录,3.372,2025-10-04 02:17:10
301362,民爆光电,无记录,3.356,2025-10-04 02:17:10
301353,普莱得,无记录,3.608,2025-10-04 02:17:10
301365,矩阵股份,无记录,3.371,2025-10-04 02:17:10
301356,天振股份,无记录,3.607,2025-10-04 02:17:10
301367,瑞迈特,无记录,3.357,2025-10-04 02:17:10
301368,丰立智能,无记录,3.387,2025-10-04 02:17:10
301369,联动科技,无记录,3.34,2025-10-04 02:17:10
301363,美好医疗,无记录,3.589,2025-10-04 02:17:10
301372,科净源,无记录,3.372,2025-10-04 02:17:10
301370,国科恒泰,无记录,3.388,2025-10-04 02:17:10
301373,凌玮科技,无记录,3.358,2025-10-04 02:17:10
301371,敷尔佳,无记录,3.419,2025-10-04 02:17:10
301366,一博科技,无记录,3.624,2025-10-04 02:17:10
301376,致欧科技,无记录,3.374,2025-10-04 02:17:10
301377,鼎泰高科,无记录,3.391,2025-10-04 02:17:10
301378,通达海,无记录,3.361,2025-10-04 02:17:10
301379,天山电子,无记录,3.376,2025-10-04 02:17:10
301381,赛维时代,无记录,3.376,2025-10-04 02:17:10
301382,蜂助手,无记录,3.391,2025-10-04 02:17:10
301383,天键股份,无记录,3.391,2025-10-04 02:17:11
301386,未来电器,无记录,3.376,2025-10-04 02:17:11
301380,挖金客,无记录,3.623,2025-10-04 02:17:11
301387,光大同创,无记录,3.363,2025-10-04 02:17:11
301389,隆扬电子,无记录,3.365,2025-10-04 02:17:11
301388,欣灵电气,无记录,3.381,2025-10-04 02:17:11
301390,经纬股份,无记录,3.366,2025-10-04 02:17:11
301391,卡莱特,无记录,3.368,2025-10-04 02:17:11
301392,汇成真空,无记录,3.369,2025-10-04 02:17:11
301393,昊帆生物,无记录,3.384,2025-10-04 02:17:11
301396,宏景科技,无记录,3.353,2025-10-04 02:17:11
301397,溯联股份,无记录,3.396,2025-10-04 02:17:11
301398,星源卓镁,无记录,3.366,2025-10-04 02:17:11
301395,仁信新材,无记录,3.643,2025-10-04 02:17:11
301399,英特科技,无记录,3.352,2025-10-04 02:17:11
301408,华人健康,无记录,3.37,2025-10-04 02:17:11
301418,协昌科技,无记录,3.372,2025-10-04 02:17:11
301419,阿莱德,无记录,3.371,2025-10-04 02:17:12
301413,安培龙,无记录,3.589,2025-10-04 02:17:12
301421,波长光电,无记录,3.388,2025-10-04 02:17:12
301429,森泰股份,无记录,3.372,2025-10-04 02:17:12
301428,世纪恒通,无记录,3.607,2025-10-04 02:17:12
301439,泓淋电力,无记录,3.374,2025-10-04 02:17:12
301446,福事特,无记录,3.358,2025-10-04 02:17:12
301448,开创电气,无记录,3.372,2025-10-04 02:17:12
301458,钧崴电子,无记录,3.356,2025-10-04 02:17:12
301456,盘古智能,无记录,3.372,2025-10-04 02:17:12
301459,丰茂股份,无记录,3.371,2025-10-04 02:17:12
301468,博盈特焊,无记录,3.372,2025-10-04 02:17:12
301469,恒达新材,无记录,3.374,2025-10-04 02:17:12
301479,弘景光电,无记录,3.359,2025-10-04 02:17:12
301486,致尚科技,无记录,3.391,2025-10-04 02:17:13
301487,盟固利,无记录,3.376,2025-10-04 02:17:13
301489,思泉新材,无记录,3.377,2025-10-04 02:17:13
301491,汉桑科技,无记录,3.362,2025-10-04 02:17:13
301498,乖宝宠物,无记录,3.377,2025-10-04 02:17:13
301499,维科精密,无记录,3.376,2025-10-04 02:17:13
301488,豪恩汽电,无记录,3.594,2025-10-04 02:17:13
301501,恒鑫生活,无记录,3.377,2025-10-04 02:17:13
301502,华阳智能,无记录,3.366,2025-10-04 02:17:13
301505,苏州规划,无记录,3.369,2025-10-04 02:17:13
301507,民生健康,无记录,3.37,2025-10-04 02:17:13
301510,固高科技,无记录,3.383,2025-10-04 02:17:13
301509,金凯生科,无记录,3.384,2025-10-04 02:17:13
301500,飞南资源,无记录,3.629,2025-10-04 02:17:13
301508,中机认检,无记录,3.385,2025-10-04 02:17:13
301511,德福科技,无记录,3.356,2025-10-04 02:17:13
301512,智信精密,无记录,3.356,2025-10-04 02:17:13
301515,港通医疗,无记录,3.372,2025-10-04 02:17:13
301503,智迪科技,无记录,3.606,2025-10-04 02:17:13
301516,中远通,无记录,3.374,2025-10-04 02:17:13
301518,长华化学,无记录,3.374,2025-10-04 02:17:13
301519,舜禹股份,无记录,3.358,2025-10-04 02:17:13
301526,国际复材,无记录,3.373,2025-10-04 02:17:13
301525,儒竞科技,无记录,3.389,2025-10-04 02:17:13
301522,上大股份,无记录,3.389,2025-10-04 02:17:13
301528,多浦乐,无记录,3.387,2025-10-04 02:17:13
301517,陕西华达,无记录,3.608,2025-10-04 02:17:14
301533,威马农机,无记录,3.37,2025-10-04 02:17:14
301529,福赛科技,无记录,3.385,2025-10-04 02:17:14
301520,万邦医药,无记录,3.621,2025-10-04 02:17:14
301535,浙江华远,无记录,3.386,2025-10-04 02:17:14
301538,骏鼎达,无记录,3.383,2025-10-04 02:17:14
301550,斯菱股份,无记录,3.351,2025-10-04 02:17:14
301539,宏鑫科技,无记录,3.383,2025-10-04 02:17:14
301548,崇德科技,无记录,3.382,2025-10-04 02:17:14
301551,无线传媒,无记录,3.367,2025-10-04 02:17:14
301536,星宸科技,无记录,3.583,2025-10-04 02:17:14
301552,科力装备,无记录,3.365,2025-10-04 02:17:14
301555,惠柏新材,无记录,3.365,2025-10-04 02:17:14
301556,托普云农,无记录,3.379,2025-10-04 02:17:14
301557,常友科技,无记录,3.364,2025-10-04 02:17:14
301558,三态股份,无记录,3.412,2025-10-04 02:17:14
301560,众捷汽车,无记录,3.36,2025-10-04 02:17:14
301559,中集环科,无记录,3.595,2025-10-04 02:17:15
301565,中仑新材,无记录,3.379,2025-10-04 02:17:15
301566,达利凯普,无记录,3.381,2025-10-04 02:17:15
301567,贝隆精密,无记录,3.38,2025-10-04 02:17:15
301563,N云汉芯城,无记录,3.599,2025-10-04 02:17:15
301571,国科天成,无记录,3.395,2025-10-04 02:17:15
301575,艾芬达,无记录,3.379,2025-10-04 02:17:15
301568,思泰克,无记录,3.621,2025-10-04 02:17:15
301577,美信科技,无记录,3.363,2025-10-04 02:17:15
301578,辰奕智能,无记录,3.363,2025-10-04 02:17:15
301580,爱迪特,无记录,3.409,2025-10-04 02:17:15
301584,C建发致新,无记录,3.361,2025-10-04 02:17:15
301581,黄山谷捷,无记录,3.393,2025-10-04 02:17:15
301585,蓝宇股份,无记录,3.378,2025-10-04 02:17:15
301586,佳力奇,无记录,3.378,2025-10-04 02:17:16
301588,美新科技,无记录,3.455,2025-10-04 02:17:16
301589,诺瓦星云,无记录,3.738,2025-10-04 02:17:16
301590,优优绿能,无记录,3.936,2025-10-04 02:17:16
301592,六九一二,无记录,4.29,2025-10-04 02:17:17
301598,博科测试,无记录,4.421,2025-10-04 02:17:17
301606,绿联科技,无记录,4.816,2025-10-04 02:17:18
301603,乔锋智能,无记录,4.817,2025-10-04 02:17:18
301618,长联科技,无记录,4.84,2025-10-04 02:17:18
301622,英思特,无记录,4.84,2025-10-04 02:17:18
301632,广东建科,无记录,5.064,2025-10-04 02:17:18
301656,C联合动力,无记录,5.282,2025-10-04 02:17:19
301662,宏工科技,无记录,5.831,2025-10-04 02:17:19
301591,肯特股份,无记录,7.752,2025-10-04 02:17:20
301596,瑞迪智驱,无记录,7.967,2025-10-04 02:17:21
301600,慧翰股份,无记录,7.982,2025-10-04 02:17:21
301601,惠通科技,无记录,7.983,2025-10-04 02:17:21
301602,超研股份,无记录,7.952,2025-10-04 02:17:21
301608,博实结,无记录,8.028,2025-10-04 02:17:21
301616,浙江华业,无记录,7.981,2025-10-04 02:17:21
301626,苏州天脉,无记录,8.027,2025-10-04 02:17:21
301607,富特科技,无记录,8.264,2025-10-04 02:17:21
301587,中瑞股份,无记录,9.063,2025-10-04 02:17:21
301630,同宇新材,无记录,8.202,2025-10-04 02:17:22
301613,新铝时代,无记录,8.487,2025-10-04 02:17:22
301631,壹连科技,无记录,8.17,2025-10-04 02:17:22
301595,太力科技,无记录,9.429,2025-10-04 02:17:22
301609,山大电力,无记录,8.99,2025-10-04 02:17:22
301617,博苑股份,无记录,9.292,2025-10-04 02:17:22
301611,珂玛科技,无记录,9.293,2025-10-04 02:17:22
301658,首航新能,无记录,9.749,2025-10-04 02:17:23
301629,矽电股份,无记录,10.375,2025-10-04 02:17:24
301633,港迪技术,无记录,10.724,2025-10-04 02:17:24
301628,强达电路,无记录,11.719,2025-10-04 02:17:25
301668,C昊创瑞通,无记录,12.133,2025-10-04 02:17:26
301636,泽润新能,无记录,12.333,2025-10-04 02:17:26
301678,新恒汇,无记录,12.464,2025-10-04 02:17:26
301665,泰禾股份,无记录,12.526,2025-10-04 02:17:26
302132,中航成飞,无记录,14.683,2025-10-04 02:17:29
430090,同辉信息,无记录,6.128,2025-10-04 02:24:01
430017,星昊医药,无记录,6.179,2025-10-04 02:24:01
430139,华岭股份,无记录,6.073,2025-10-04 02:24:01
430425,乐创技术,无记录,5.803,2025-10-04 02:24:01
430476,海能技术,无记录,5.678,2025-10-04 02:24:01
430198,微创光电,无记录,6.029,2025-10-04 02:24:01
430418,苏轴股份,无记录,5.866,2025-10-04 02:24:01
430300,辰光医疗,无记录,6.003,2025-10-04 02:24:01
430478,峆一药业,无记录,5.677,2025-10-04 02:24:01
430047,诺思兰德,无记录,6.163,2025-10-04 02:24:01
430510,丰光精密,无记录,5.668,2025-10-04 02:24:01
430685,新芝生物,无记录,5.874,2025-10-04 02:24:02
430564,天润科技,无记录,5.895,2025-10-04 02:24:02
830779,武汉蓝电,无记录,5.786,2025-10-04 02:24:02
430718,合肥高科,无记录,5.891,2025-10-04 02:24:02
830832,齐鲁华信,无记录,5.699,2025-10-04 02:24:02
830839,万通液压,无记录,5.678,2025-10-04 02:24:02
430556,雅达股份,无记录,5.916,2025-10-04 02:24:02
830809,安达科技,无记录,5.782,2025-10-04 02:24:02
830879,基康技术,无记录,5.653,2025-10-04 02:24:02
830964,润农节水,无记录,5.625,2025-10-04 02:24:02
830946,森萱医药,无记录,5.646,2025-10-04 02:24:02
831195,三祥科技,无记录,5.275,2025-10-04 02:24:02
831010,凯添燃气,无记录,5.536,2025-10-04 02:24:02
831305,海希通讯,无记录,5.161,2025-10-04 02:24:02
830974,凯大催化,无记录,5.595,2025-10-04 02:24:02
831304,迪尔化工,无记录,5.25,2025-10-04 02:24:02
831370,新安洁,无记录,5.068,2025-10-04 02:24:02
831278,泰德股份,无记录,5.291,2025-10-04 02:24:02
831396,许昌智能,无记录,5.029,2025-10-04 02:24:02
831039,国义招标,无记录,5.511,2025-10-04 02:24:02
831167,鑫汇科,无记录,5.45,2025-10-04 02:24:02
831152,昆工科技,无记录,5.467,2025-10-04 02:24:02
831175,派诺科技,无记录,5.326,2025-10-04 02:24:02
831087,秋乐种业,无记录,5.504,2025-10-04 02:24:02
831641,格利尔,无记录,4.971,2025-10-04 02:24:02
831689,克莱特,无记录,4.969,2025-10-04 02:24:02
831726,朱老六,无记录,4.956,2025-10-04 02:24:02
831832,科达自控,无记录,4.77,2025-10-04 02:24:02
831526,凯华材料,无记录,5.02,2025-10-04 02:24:02
831768,拾比佰,无记录,4.867,2025-10-04 02:24:02
831627,力王股份,无记录,5.015,2025-10-04 02:24:02
831906,舜宇精工,无记录,4.695,2025-10-04 02:24:02
832089,禾昌聚合,无记录,4.271,2025-10-04 02:24:02
831856,浩淼科技,无记录,4.718,2025-10-04 02:24:02
831961,创远信科,无记录,4.623,2025-10-04 02:24:02
831855,浙江大农,无记录,4.743,2025-10-04 02:24:02
831834,三维装备,无记录,4.82,2025-10-04 02:24:02
832000,安徽凤凰,无记录,4.426,2025-10-04 02:24:02
832023,田野股份,无记录,4.363,2025-10-04 02:24:02
832171,志晟信息,无记录,3.823,2025-10-04 02:24:02
832110,雷特科技,无记录,4.133,2025-10-04 02:24:02
832175,东方碳素,无记录,3.754,2025-10-04 02:24:02
832145,恒合股份,无记录,3.971,2025-10-04 02:24:02
832149,利尔达,无记录,3.895,2025-10-04 02:24:02
832225,利通科技,无记录,3.535,2025-10-04 02:24:02
832469,富恒新材,无记录,3.398,2025-10-04 02:24:02
832278,鹿得医疗,无记录,3.435,2025-10-04 02:24:02
832471,美邦科技,无记录,3.405,2025-10-04 02:24:02
832491,奥迪威,无记录,3.38,2025-10-04 02:24:02
832419,路斯股份,无记录,3.421,2025-10-04 02:24:02
832522,纳科诺尔,无记录,3.375,2025-10-04 02:24:02
832566,梓橦宫,无记录,3.381,2025-10-04 02:24:02
830896,旺成科技,无记录,6.222,2025-10-04 02:24:02
832662,方盛股份,无记录,3.339,2025-10-04 02:24:05
832651,天罡股份,无记录,3.37,2025-10-04 02:24:05
832735,德源药业,无记录,3.37,2025-10-04 02:24:05
832802,保丽洁,无记录,3.354,2025-10-04 02:24:05
833030,立方控股,无记录,3.354,2025-10-04 02:24:05
832982,锦波生物,无记录,3.369,2025-10-04 02:24:05
832885,星辰科技,无记录,3.369,2025-10-04 02:24:05
833075,柏星龙,无记录,3.354,2025-10-04 02:24:05
832978,开特股份,无记录,3.369,2025-10-04 02:24:05
832786,骑士乳业,无记录,3.37,2025-10-04 02:24:05
832876,慧为智能,无记录,3.369,2025-10-04 02:24:05
833346,威贸电子,无记录,3.349,2025-10-04 02:24:05
833266,生物谷,无记录,3.35,2025-10-04 02:24:05
833171,国航远洋,无记录,3.366,2025-10-04 02:24:05
833284,灵鸽科技,无记录,3.35,2025-10-04 02:24:05
833427,华维设计,无记录,3.348,2025-10-04 02:24:05
833394,民士达,无记录,3.349,2025-10-04 02:24:05
833230,欧康医药,无记录,3.365,2025-10-04 02:24:05
833429,康比特,无记录,3.363,2025-10-04 02:24:05
833455,汇隆活塞,无记录,3.348,2025-10-04 02:24:05
833509,同惠电子,无记录,3.348,2025-10-04 02:24:05
833454,同心传动,无记录,3.363,2025-10-04 02:24:05
833914,远航精密,无记录,3.349,2025-10-04 02:24:05
833575,康乐卫士,无记录,3.365,2025-10-04 02:24:05
833781,瑞奇智造,无记录,3.365,2025-10-04 02:24:05
834261,一诺威,无记录,3.35,2025-10-04 02:24:05
833523,德瑞锂电,无记录,3.381,2025-10-04 02:24:05
834021,流金科技,无记录,3.363,2025-10-04 02:24:05
834058,华洋赛车,无记录,3.362,2025-10-04 02:24:05
834033,康普化学,无记录,3.363,2025-10-04 02:24:05
833943,优机股份,无记录,3.366,2025-10-04 02:24:05
834475,三友科技,无记录,3.351,2025-10-04 02:24:05
833751,惠同新材,无记录,3.381,2025-10-04 02:24:05
834014,特瑞斯,无记录,3.381,2025-10-04 02:24:05
834599,同力股份,无记录,3.352,2025-10-04 02:24:05
834062,科润智控,无记录,3.367,2025-10-04 02:24:05
833580,科创新材,无记录,3.382,2025-10-04 02:24:05
833873,中设咨询,无记录,3.382,2025-10-04 02:24:05
834415,恒拓开源,无记录,3.366,2025-10-04 02:24:05
834407,驰诚股份,无记录,3.367,2025-10-04 02:24:05
833533,骏创科技,无记录,3.382,2025-10-04 02:24:05
834639,晨光电缆,无记录,3.366,2025-10-04 02:24:05
834950,迅安科技,无记录,3.334,2025-10-04 02:24:05
834765,美之高,无记录,3.35,2025-10-04 02:24:05
835174,五新隧装,无记录,3.365,2025-10-04 02:24:05
834770,艾能聚,无记录,3.38,2025-10-04 02:24:05
835179,凯德石英,无记录,3.365,2025-10-04 02:24:05
835185,贝特瑞,无记录,3.364,2025-10-04 02:24:05
835207,众诚科技,无记录,3.35,2025-10-04 02:24:05
835508,殷图网联,无记录,3.349,2025-10-04 02:24:05
835438,戈碧迦,无记录,3.35,2025-10-04 02:24:05
835368,连城数控,无记录,3.35,2025-10-04 02:24:05
835184,国源科技,无记录,3.38,2025-10-04 02:24:05
835305,*ST云创,无记录,3.35,2025-10-04 02:24:05
835237,力佳科技,无记录,3.365,2025-10-04 02:24:05
835579,机科股份,无记录,3.35,2025-10-04 02:24:05
835670,数字人,无记录,3.35,2025-10-04 02:24:05
835985,海泰新能,无记录,3.35,2025-10-04 02:24:05
836077,吉林碳谷,无记录,3.348,2025-10-04 02:24:05
835640,富士达,无记录,3.365,2025-10-04 02:24:05
835857,百甲科技,无记录,3.365,2025-10-04 02:24:05
835892,中科美菱,无记录,3.365,2025-10-04 02:24:05
836149,旭杰科技,无记录,3.351,2025-10-04 02:24:05
836208,青矩技术,无记录,3.354,2025-10-04 02:24:06
836221,易实精密,无记录,3.363,2025-10-04 02:24:08
836263,中航泰达,无记录,3.346,2025-10-04 02:24:08
836247,华密新材,无记录,3.347,2025-10-04 02:24:08
836270,天铭科技,无记录,3.348,2025-10-04 02:24:08
836414,欧普泰,无记录,3.348,2025-10-04 02:24:08
836419,万德股份,无记录,3.348,2025-10-04 02:24:08
836260,中寰股份,无记录,3.363,2025-10-04 02:24:08
836239,长虹能源,无记录,3.38,2025-10-04 02:24:08
836395,朗鸿科技,无记录,3.364,2025-10-04 02:24:08
836422,润普食品,无记录,3.38,2025-10-04 02:24:08
836433,大唐药业,无记录,3.38,2025-10-04 02:24:08
836807,奔朗新材,无记录,3.351,2025-10-04 02:24:08
836675,秉扬科技,无记录,3.366,2025-10-04 02:24:08
836504,博迅生物,无记录,3.367,2025-10-04 02:24:08
836720,吉冈精密,无记录,3.352,2025-10-04 02:24:08
836871,派特尔,无记录,3.352,2025-10-04 02:24:08
836826,盖世食品,无记录,3.353,2025-10-04 02:24:08
836717,瑞星股份,无记录,3.368,2025-10-04 02:24:08
836547,无锡晶海,无记录,3.383,2025-10-04 02:24:08
836699,海达尔,无记录,3.383,2025-10-04 02:24:08
836892,广咨国际,无记录,3.354,2025-10-04 02:24:08
836942,恒立钻具,无记录,3.369,2025-10-04 02:24:08
836957,汉维科技,无记录,3.353,2025-10-04 02:24:08
837174,宏裕包材,无记录,3.337,2025-10-04 02:24:08
836961,西磁科技,无记录,3.353,2025-10-04 02:24:08
837023,芭薇股份,无记录,3.353,2025-10-04 02:24:08
837592,华信永道,无记录,3.352,2025-10-04 02:24:08
838262,太湖雪,无记录,3.337,2025-10-04 02:24:08
837092,汉鑫科技,无记录,3.368,2025-10-04 02:24:08
838030,德众汽车,无记录,3.352,2025-10-04 02:24:08
837006,晟楠科技,无记录,3.384,2025-10-04 02:24:09
838171,邦德股份,无记录,3.368,2025-10-04 02:24:09
837821,则成电子,无记录,3.368,2025-10-04 02:24:09
837212,智新电子,无记录,3.384,2025-10-04 02:24:09
837403,康农种业,无记录,3.369,2025-10-04 02:24:09
837748,路桥信息,无记录,3.369,2025-10-04 02:24:09
837046,亿能电力,无记录,3.385,2025-10-04 02:24:09
838163,方大新材,无记录,3.369,2025-10-04 02:24:09
837242,建邦科技,无记录,3.384,2025-10-04 02:24:09
838227,美登科技,无记录,3.369,2025-10-04 02:24:09
837344,三元基因,无记录,3.383,2025-10-04 02:24:09
837663,明阳科技,无记录,3.383,2025-10-04 02:24:09
838402,硅烷科技,无记录,3.355,2025-10-04 02:24:09
838275,驱动力,无记录,3.355,2025-10-04 02:24:09
838810,春光智能,无记录,3.339,2025-10-04 02:24:09
839680,*ST广道,无记录,3.355,2025-10-04 02:24:09
838670,恒进感应,无记录,3.371,2025-10-04 02:24:09
839493,并行科技,无记录,3.356,2025-10-04 02:24:09
838837,华原股份,无记录,3.371,2025-10-04 02:24:09
838701,豪声电子,无记录,3.371,2025-10-04 02:24:09
838924,广脉科技,无记录,3.371,2025-10-04 02:24:09
839273,一致魔芋,无记录,3.357,2025-10-04 02:24:09
839719,宁新新材,无记录,3.356,2025-10-04 02:24:09
839371,欧福蛋业,无记录,3.37,2025-10-04 02:24:09
839725,惠丰钻石,无记录,3.356,2025-10-04 02:24:09
838971,天马新材,无记录,3.371,2025-10-04 02:24:09
839729,永顺生物,无记录,3.341,2025-10-04 02:24:09
839946,华阳变速,无记录,3.355,2025-10-04 02:24:09
870204,沪江材料,无记录,3.341,2025-10-04 02:24:09
839792,东和新材,无记录,3.37,2025-10-04 02:24:09
870199,倍益康,无记录,3.356,2025-10-04 02:24:09
839790,联迪信息,无记录,3.371,2025-10-04 02:24:09
870299,灿能电力,无记录,3.34,2025-10-04 02:24:09
870357,雅葆轩,无记录,3.339,2025-10-04 02:24:09
870436,大地电气,无记录,3.354,2025-10-04 02:24:11
870726,鸿智科技,无记录,3.354,2025-10-04 02:24:11
870976,视声智能,无记录,3.354,2025-10-04 02:24:11
870656,海昇药业,无记录,3.37,2025-10-04 02:24:11
871263,莱赛激光,无记录,3.354,2025-10-04 02:24:11
870508,丰安股份,无记录,3.371,2025-10-04 02:24:11
870866,绿亨科技,无记录,3.37,2025-10-04 02:24:11
871396,常辅股份,无记录,3.354,2025-10-04 02:24:11
871245,威博液压,无记录,3.37,2025-10-04 02:24:11
871478,巨能股份,无记录,3.37,2025-10-04 02:24:11
871553,凯腾精工,无记录,3.417,2025-10-04 02:24:11
871634,新威凌,无记录,3.366,2025-10-04 02:24:12
871970,大禹生物,无记录,3.366,2025-10-04 02:24:12
871981,晶赛科技,无记录,3.366,2025-10-04 02:24:12
871642,通易航天,无记录,3.382,2025-10-04 02:24:12
871694,中裕科技,无记录,3.382,2025-10-04 02:24:12
871857,泓禧科技,无记录,3.366,2025-10-04 02:24:12
871753,天纺标,无记录,3.382,2025-10-04 02:24:12
872190,雷神科技,无记录,3.382,2025-10-04 02:24:12
872374,云里物里,无记录,3.366,2025-10-04 02:24:12
872351,华光源海,无记录,3.382,2025-10-04 02:24:12
872392,佳合科技,无记录,3.352,2025-10-04 02:24:12
872541,铁大科技,无记录,3.35,2025-10-04 02:24:12
872925,锦好医疗,无记录,3.35,2025-10-04 02:24:12
872808,曙光数创,无记录,3.366,2025-10-04 02:24:12
872895,花溪科技,无记录,3.366,2025-10-04 02:24:12
873001,纬达光电,无记录,3.351,2025-10-04 02:24:12
872931,无锡鼎邦,无记录,3.351,2025-10-04 02:24:12
873570,坤博精工,无记录,3.349,2025-10-04 02:24:12
872953,国子软件,无记录,3.366,2025-10-04 02:24:12
873122,中纺标,无记录,3.366,2025-10-04 02:24:12
873527,夜光明,无记录,3.365,2025-10-04 02:24:12
873576,天力复合,无记录,3.365,2025-10-04 02:24:12
873132,泰鹏智能,无记录,3.366,2025-10-04 02:24:12
873223,荣亿精密,无记录,3.382,2025-10-04 02:24:12
873305,九菱科技,无记录,3.382,2025-10-04 02:24:12
873665,科强股份,无记录,3.367,2025-10-04 02:24:12
873339,恒太照明,无记录,3.382,2025-10-04 02:24:12
873593,鼎智科技,无记录,3.382,2025-10-04 02:24:12
873152,天宏锂电,无记录,3.397,2025-10-04 02:24:12
873167,新赣江,无记录,3.397,2025-10-04 02:24:12
873169,七丰精工,无记录,3.412,2025-10-04 02:24:12
873679,前进科技,无记录,3.349,2025-10-04 02:24:12
873690,捷众科技,无记录,3.364,2025-10-04 02:24:12
873693,阿为特,无记录,3.349,2025-10-04 02:24:12
873706,铁拓机械,无记录,3.363,2025-10-04 02:24:12
873726,卓兆点胶,无记录,3.363,2025-10-04 02:24:12
920005,鼎佳精密,无记录,3.362,2025-10-04 02:24:12
873833,美心翼申,无记录,3.363,2025-10-04 02:24:12
920018,宏远股份,无记录,3.364,2025-10-04 02:24:12
920008,成电光信,无记录,3.364,2025-10-04 02:24:12
920015,锦华新材,无记录,3.364,2025-10-04 02:24:12
920016,中草香料,无记录,3.364,2025-10-04 02:24:12
873703,广厦环能,无记录,3.379,2025-10-04 02:24:12
873806,云星宇,无记录,3.379,2025-10-04 02:24:12
920002,万达轴承,无记录,3.379,2025-10-04 02:24:12
920007,XD酉立智,无记录,3.365,2025-10-04 02:24:12
920019,铜冠矿建,无记录,3.35,2025-10-04 02:24:12
920022,世昌股份,无记录,3.365,2025-10-04 02:24:12
920056,能之光,无记录,3.334,2025-10-04 02:24:12
920037,广信科技,无记录,3.365,2025-10-04 02:24:12
920029,开发科技,无记录,3.365,2025-10-04 02:24:12
920027,交大铁发,无记录,3.366,2025-10-04 02:24:12
920060,万源通,无记录,3.339,2025-10-04 02:24:12
920111,聚星科技,无记录,37.825,2025-10-04 02:24:49
920112,巴兰仕,无记录,37.69,2025-10-04 02:24:49
920445,龙竹科技,无记录,37.844,2025-10-04 02:24:50
920118,太湖远大,无记录,37.877,2025-10-04 02:24:50
920167,同享科技,无记录,37.939,2025-10-04 02:24:50
920128,胜业电气,无记录,37.954,2025-10-04 02:24:50
920489,佳先股份,无记录,38.064,2025-10-04 02:24:50
920116,星图测控,无记录,38.204,2025-10-04 02:24:50
920066,科拜尔,无记录,42.068,2025-10-04 02:24:53
920101,志高机械,无记录,42.084,2025-10-04 02:24:53
920108,宏海科技,无记录,42.068,2025-10-04 02:24:53
920098,科隆新材,无记录,42.131,2025-10-04 02:24:53
920082,方正阀门,无记录,42.132,2025-10-04 02:24:53
920100,三协电机,无记录,42.132,2025-10-04 02:24:54
920099,瑞华技术,无记录,42.339,2025-10-04 02:24:54
920799,艾融软件,无记录,42.202,2025-10-04 02:24:54
920819,颖泰生物,无记录,42.201,2025-10-04 02:24:54
920682,球冠电缆,无记录,42.36,2025-10-04 02:24:54
920088,科力股份,无记录,42.969,2025-10-04 02:24:54
920106,林泰新材,无记录,43.586,2025-10-04 02:24:55嗯
920068,天工股份,无记录,58.083,2025-10-04 02:25:09
